numentre,satis_dem,creenciasS,etnia,estrato,partido_pol,conf_inst,confianza_binaria
1,3,1,2,3,0,"7,75",0
2,3,1,2,4,0,"8,875",1
3,3,1,2,3,0,"8,3125",1
4,3,1,2,3,30,10,1
5,4,3,2,5,30,10,1
6,4,3,2,4,30,"6,625",0
7,3,1,6,3,0,"4,375",0
8,3,1,6,3,0,"6,0625",0
9,3,3,5,3,30,10,1
10,3,3,5,4,0,"9,4375",1
11,3,2,4,3,30,"3,25",0
12,3,3,2,2,30,"7,75",0
13,3,1,2,2,0,"7,75",0
14,2,2,2,2,0,"5,5",0
15,4,1,2,5,0,"9,4375",1
17,4,1,2,4,0,10,1
18,4,1,2,4,0,10,1
19,3,1,4,5,30,"9,4375",1
20,4,1,2,1,30,10,1
21,1,2,5,1,30,10,1
22,3,3,4,3,0,"7,75",0
23,3,1,4,3,30,10,1
24,3,1,2,5,30,"8,3125",1
25,3,2,7,2,0,10,1
26,4,3,4,4,0,10,1
27,3,3,4,4,0,10,1
28,4,1,4,3,50,"8,3125",1
29,3,1,4,3,0,10,1
30,3,1,3,4,30,"7,75",0
31,3,1,3,5,0,"8,3125",1
32,3,2,2,3,0,"6,625",0
33,2,1,4,4,0,10,1
34,4,1,2,3,0,10,1
35,4,3,2,2,30,10,1
36,4,3,2,5,0,10,1
37,4,2,2,4,30,10,1
38,2,3,2,3,30,"9,4375",1
39,3,1,4,3,0,"8,875",1
40,4,3,2,4,0,"8,875",1
42,4,3,4,4,0,10,1
43,3,1,4,3,0,"8,3125",1
44,2,3,7,4,0,"8,3125",1
45,3,3,6,5,0,"9,4375",1
46,3,1,2,3,0,"6,625",0
48,4,1,2,2,0,10,1
49,3,3,3,3,0,10,1
50,4,3,4,4,30,10,1
51,1,1,3,2,30,"7,75",0
52,1,1,2,3,0,"7,75",0
56,3,1,4,4,30,"7,75",0
57,3,1,4,5,30,"8,3125",1
60,3,2,2,1,30,"6,625",0
61,2,2,4,3,0,"4,375",0
62,1,1,6,3,30,"9,4375",1
63,3,3,4,4,0,10,1
64,4,1,6,5,30,"9,4375",1
65,4,2,6,4,0,"8,3125",1
67,1,3,4,3,50,"4,9375",0
68,4,1,2,3,50,"7,1875",0
69,3,3,4,1,0,"8,875",1
71,4,3,5,4,0,10,1
72,1,3,4,3,50,"8,875",1
73,3,1,2,5,0,"8,875",1
74,4,1,5,3,0,"7,75",0
75,4,2,6,1,30,10,1
76,4,3,4,4,0,10,1
77,3,3,2,4,0,"8,875",1
78,4,3,4,4,30,10,1
79,3,1,4,3,30,10,1
80,1,1,5,5,30,"5,5",0
81,4,3,2,4,0,10,1
82,3,2,4,4,0,"8,875",1
83,4,1,4,5,30,"8,3125",1
84,4,3,4,3,0,10,1
85,3,1,5,3,50,"6,625",0
87,3,1,5,1,0,10,1
88,4,1,2,5,30,"8,875",1
89,3,1,4,3,30,"5,5",0
90,1,2,4,5,30,10,1
93,4,3,5,2,0,"8,875",1
95,4,3,4,3,0,"8,875",1
96,1,3,5,3,30,10,1
97,3,3,2,4,30,10,1
98,3,3,5,3,0,"7,75",0
99,4,3,5,2,0,"8,875",1
100,3,1,7,4,0,10,1
101,3,2,6,3,30,"8,875",1
102,3,1,4,3,0,10,1
103,1,1,2,4,0,"8,3125",1
104,3,1,4,4,0,"8,3125",1
105,2,1,2,3,30,"8,3125",1
106,4,2,6,4,30,10,1
107,4,2,2,3,0,"8,3125",1
108,2,1,6,3,30,"5,5",0
109,2,3,4,5,0,"9,4375",1
110,3,1,4,4,30,"9,4375",1
111,4,3,4,1,0,10,1
112,3,2,4,3,30,"9,4375",1
113,4,2,4,5,0,10,1
114,4,1,4,3,0,"8,875",1
115,1,1,4,4,30,10,1
116,3,3,3,5,50,10,1
117,4,3,4,5,0,10,1
119,4,1,6,5,0,"7,75",0
120,4,3,2,3,50,"7,75",0
121,1,1,4,3,50,"7,75",0
122,4,1,4,5,0,10,1
123,3,3,2,5,30,10,1
124,4,3,4,3,30,10,1
125,4,3,6,3,0,10,1
126,3,3,4,2,30,"7,75",0
128,1,1,3,4,0,10,1
129,3,3,4,5,0,"7,1875",0
130,3,1,6,4,30,"8,875",1
131,3,1,2,5,0,10,1
132,4,1,2,3,0,"7,75",0
133,3,2,4,3,0,10,1
134,4,2,4,2,50,"9,4375",1
135,4,1,4,5,30,10,1
136,3,3,6,5,0,"8,3125",1
137,3,1,2,3,0,"8,3125",1
138,3,1,2,4,30,"7,75",0
139,2,3,3,5,0,10,1
140,3,1,3,5,30,"9,4375",1
142,3,2,4,5,30,10,1
143,4,1,4,3,0,10,1
144,3,1,4,4,30,"7,75",0
145,2,1,2,3,0,"5,5",0
147,4,3,4,4,0,"8,875",1
148,4,1,5,1,0,10,1
149,3,2,4,4,0,10,1
151,1,1,6,3,0,"3,25",0
152,4,1,4,5,0,10,1
153,4,1,4,3,0,"7,75",0
154,4,1,6,3,0,10,1
155,3,1,4,3,0,"6,625",0
156,3,1,6,2,0,"8,875",1
157,3,2,4,4,0,"8,875",1
158,1,1,2,3,30,"7,75",0
159,3,1,4,3,50,"6,625",0
160,3,2,4,3,0,"6,625",0
161,1,3,4,3,0,"4,9375",0
162,4,3,4,4,0,"7,1875",0
163,2,2,6,3,30,"7,75",0
164,4,3,6,3,30,"8,875",1
165,3,1,4,4,30,10,1
166,4,3,2,3,30,"7,75",0
167,4,2,2,2,0,"8,875",1
168,3,1,4,5,30,10,1
169,3,3,5,3,0,"7,75",0
170,3,1,4,3,30,"9,4375",1
171,3,2,6,5,0,"7,75",0
172,3,1,2,3,0,"7,1875",0
173,3,1,4,3,0,"8,3125",1
174,3,1,4,3,30,"8,875",1
175,1,3,4,3,30,"9,4375",1
176,4,1,2,4,0,"7,75",0
177,4,3,2,5,0,10,1
178,3,1,4,5,30,10,1
179,3,1,3,3,30,"8,3125",1
180,1,1,4,3,30,"6,625",0
181,3,1,4,5,0,"8,875",1
183,4,3,2,3,0,"8,875",1
184,3,1,2,1,30,"9,4375",1
185,4,3,6,5,30,"7,1875",0
186,3,2,4,4,30,"9,4375",1
187,3,1,4,3,50,10,1
188,4,1,4,3,30,10,1
189,3,1,6,3,30,"8,875",1
190,3,2,4,3,30,"9,4375",1
191,3,1,3,2,0,"7,1875",0
192,4,1,4,5,0,"8,3125",1
193,3,1,2,5,30,"9,4375",1
194,4,3,4,3,0,10,1
195,3,3,2,3,0,"8,875",1
196,3,1,2,3,0,10,1
197,4,1,2,4,30,10,1
198,3,3,2,3,0,"8,3125",1
199,4,1,2,5,0,10,1
200,3,3,2,4,0,"8,875",1
201,1,1,3,4,0,"7,1875",0
202,3,1,2,5,30,10,1
204,3,1,3,1,0,"8,3125",1
205,3,1,3,4,30,"7,75",0
206,1,1,2,5,0,10,1
207,1,3,3,4,0,"9,4375",1
209,4,3,2,3,30,"9,4375",1
211,3,1,2,1,0,10,1
212,3,1,4,5,30,"9,4375",1
213,1,3,3,5,30,"4,9375",0
214,3,1,6,4,50,10,1
215,4,1,4,4,0,"7,1875",0
216,3,1,4,5,30,10,1
217,3,1,6,3,30,"9,4375",1
219,3,3,5,5,0,10,1
220,3,1,3,4,30,"7,75",0
221,3,1,4,3,0,"9,4375",1
222,3,1,4,5,30,"9,4375",1
223,4,1,6,5,30,"9,4375",1
224,4,3,2,4,30,10,1
225,3,1,6,3,30,"8,3125",1
226,3,1,4,5,0,"8,3125",1
227,3,1,5,5,30,"8,875",1
228,1,1,4,3,30,"6,0625",0
229,4,3,4,3,0,"9,4375",1
230,4,1,4,3,0,"7,1875",0
231,3,3,6,3,30,"7,1875",0
232,3,3,6,3,0,"8,3125",1
233,4,3,6,4,0,"7,75",0
234,3,3,4,5,0,"6,625",0
235,3,2,6,3,30,10,1
236,3,3,5,5,0,"8,875",1
237,3,3,4,1,50,"8,875",1
239,3,3,4,5,30,"8,875",1
240,4,1,4,3,0,"8,875",1
242,3,3,4,4,0,"8,875",1
243,3,1,3,3,0,"8,3125",1
244,3,3,4,3,0,"7,1875",0
245,1,3,5,5,0,"6,625",0
246,4,1,1,1,30,"8,3125",1
247,3,3,2,2,0,10,1
248,3,3,2,3,0,"9,4375",1
250,2,3,2,4,0,"8,3125",1
251,4,3,4,3,0,10,1
252,4,3,4,3,0,10,1
255,2,1,6,1,70,"8,3125",1
256,4,1,4,5,30,10,1
257,1,1,3,3,50,"7,75",0
258,1,1,4,3,30,10,1
259,2,2,2,2,30,"5,5",0
260,3,1,4,3,0,"7,75",0
261,3,1,4,3,30,10,1
262,4,3,2,3,30,10,1
263,3,1,2,2,0,"5,5",0
264,3,1,4,4,30,10,1
265,4,3,4,3,0,10,1
266,3,2,4,3,50,"7,75",0
267,4,3,4,3,50,"9,4375",1
268,4,1,3,3,30,"8,3125",1
270,3,1,4,4,0,"8,3125",1
271,4,1,4,5,30,10,1
272,3,2,6,3,0,"8,875",1
273,4,3,6,3,30,"6,625",0
274,3,3,2,2,0,10,1
275,3,1,4,2,0,"7,75",0
276,1,3,4,1,50,"7,75",0
277,3,1,4,3,0,"7,75",0
278,4,1,2,5,0,10,1
279,3,2,2,1,30,"6,0625",0
280,4,3,4,4,0,10,1
282,3,1,2,3,0,"8,875",1
283,3,3,3,1,30,10,1
285,3,1,2,5,50,"9,4375",1
286,1,3,4,3,0,"8,875",1
287,4,1,2,3,30,"6,625",0
288,4,3,4,4,0,10,1
289,4,3,4,3,30,"9,4375",1
290,3,3,6,2,30,"9,4375",1
291,4,2,4,3,0,"8,875",1
292,3,3,5,4,0,10,1
293,3,3,4,4,30,10,1
294,4,2,6,4,30,"7,1875",0
295,4,3,6,3,30,"6,0625",0
296,3,3,3,3,0,"9,4375",1
297,4,1,6,5,30,10,1
299,4,1,5,3,30,"7,75",0
300,3,1,4,5,0,"6,0625",0
301,3,3,4,5,0,"9,4375",1
302,4,2,4,2,50,10,1
303,4,3,4,3,0,"7,75",0
304,3,1,4,3,30,"8,3125",1
306,4,1,4,4,30,10,1
307,4,3,4,5,0,"9,4375",1
308,3,1,4,4,50,"7,75",0
309,4,1,3,2,50,"8,875",1
311,3,3,2,5,0,"9,4375",1
312,1,1,5,3,0,10,1
313,2,1,6,3,50,"6,625",0
314,3,2,6,5,50,"8,3125",1
316,3,3,4,4,0,"9,4375",1
317,3,1,2,4,0,10,1
318,3,1,4,4,0,"8,875",1
319,3,3,4,5,0,"8,875",1
320,3,1,4,4,30,"8,3125",1
321,3,3,2,3,0,"8,875",1
323,3,3,4,1,0,"6,625",0
326,4,3,2,5,30,10,1
327,3,1,3,3,0,"7,75",0
328,4,3,6,4,0,10,1
329,3,1,4,4,0,"7,75",0
331,2,1,4,4,0,"7,1875",0
332,3,1,4,5,30,"9,4375",1
333,3,1,4,4,0,"9,4375",1
335,4,1,4,3,30,"9,4375",1
336,4,1,4,4,30,"8,875",1
339,4,1,4,4,0,"7,75",0
340,3,3,4,4,0,"9,4375",1
341,3,2,4,3,0,"6,625",0
342,4,2,4,3,0,"8,3125",1
343,3,3,2,4,0,"7,75",0
344,4,3,2,4,0,10,1
345,3,1,4,4,0,"9,4375",1
346,3,1,4,2,0,"9,4375",1
347,3,3,4,3,50,10,1
348,4,1,4,3,0,10,1
349,1,2,3,4,50,"6,625",0
350,4,1,4,3,0,"8,3125",1
351,1,1,6,3,0,"6,0625",0
352,4,3,2,5,0,10,1
353,3,1,5,3,0,10,1
354,1,1,2,3,0,"7,1875",0
355,3,1,3,3,0,"8,875",1
356,3,3,6,2,30,"8,3125",1
357,3,1,4,3,30,"9,4375",1
358,3,1,3,3,0,"8,875",1
359,3,1,6,3,0,"9,4375",1
360,3,1,6,3,30,"8,875",1
361,2,1,4,3,0,10,1
363,4,1,4,4,0,10,1
364,3,1,4,5,30,10,1
365,3,1,4,3,30,10,1
366,1,1,4,3,30,"9,4375",1
367,4,1,4,3,0,10,1
368,3,1,4,3,30,"8,875",1
370,4,1,6,3,0,"8,3125",1
371,3,3,4,4,50,"9,4375",1
372,3,1,4,5,50,"9,4375",1
373,3,1,6,4,0,"8,3125",1
374,3,3,2,1,50,"9,4375",1
375,3,3,4,3,30,"8,3125",1
377,4,3,4,4,30,10,1
378,3,3,2,2,0,"8,875",1
379,4,3,5,3,30,10,1
380,4,3,2,5,0,"9,4375",1
381,4,1,4,4,0,10,1
383,3,3,2,1,30,10,1
384,1,1,2,4,0,"8,3125",1
385,3,1,2,3,0,"8,3125",1
387,3,2,5,4,0,"6,625",0
388,4,3,2,3,50,10,1
389,3,3,6,3,0,"9,4375",1
390,4,3,2,5,30,"8,875",1
391,4,3,5,4,0,1,0
392,3,1,3,1,30,"9,4375",1
394,4,3,4,4,30,10,1
396,4,2,4,4,0,"7,75",0
397,3,3,4,5,0,10,1
398,3,3,4,4,30,"9,4375",1
399,3,1,4,3,30,10,1
401,3,3,3,3,30,"8,3125",1
402,3,3,4,3,0,"9,4375",1
403,1,1,6,3,0,"7,1875",0
404,3,1,3,5,0,"7,1875",0
405,3,3,6,3,0,"8,3125",1
406,4,3,2,4,0,"9,4375",1
407,3,1,4,3,30,"7,1875",0
408,3,1,4,5,0,10,1
409,3,1,2,2,30,"8,875",1
411,3,2,6,3,0,"9,4375",1
412,3,1,2,4,0,"7,1875",0
413,2,1,4,3,0,"3,8125",0
414,4,3,6,3,0,10,1
415,2,1,4,2,0,"5,5",0
416,3,3,5,3,0,"8,875",1
418,4,3,2,3,0,10,1
419,3,2,4,4,0,10,1
420,1,1,4,5,0,"9,4375",1
421,3,3,6,3,0,"3,8125",0
422,3,2,4,4,70,"8,3125",1
423,3,3,4,5,0,10,1
424,1,2,4,4,0,"7,75",0
425,3,1,4,5,0,"7,75",0
426,3,3,2,4,0,10,1
427,3,2,4,5,50,"8,875",1
428,4,1,4,5,0,"8,875",1
429,3,1,4,3,0,"9,4375",1
430,3,1,2,5,0,10,1
431,3,1,4,4,0,"7,75",0
432,3,3,4,4,30,"9,4375",1
433,3,1,2,4,0,"8,875",1
434,3,3,6,2,0,"9,4375",1
435,3,3,4,2,50,"8,3125",1
436,4,1,4,3,0,"8,3125",1
437,3,3,4,4,0,"7,1875",0
438,4,1,4,3,30,10,1
439,3,1,3,5,0,"7,75",0
440,4,3,3,3,0,"9,4375",1
441,4,3,6,2,0,"9,4375",1
442,3,3,2,4,0,10,1
444,4,2,4,3,0,10,1
445,3,2,4,5,0,10,1
446,2,3,2,3,30,"8,875",1
447,3,3,6,3,30,"8,875",1
448,4,2,4,4,0,"8,3125",1
449,3,1,4,3,0,"7,75",0
450,4,1,2,3,30,10,1
451,3,1,2,3,0,"9,4375",1
452,3,3,4,4,30,10,1
453,3,1,4,3,0,"8,875",1
454,1,1,6,3,0,10,1
455,2,3,4,2,50,"8,3125",1
456,3,1,6,4,30,10,1
458,3,1,4,3,0,"8,3125",1
459,4,1,4,4,0,"8,875",1
460,3,1,6,2,0,10,1
461,3,2,4,3,0,"9,4375",1
463,4,1,6,2,30,10,1
464,3,3,3,4,0,"7,75",0
465,3,1,2,4,0,10,1
466,2,1,4,3,30,"8,3125",1
467,4,3,4,4,0,"9,4375",1
468,4,1,4,3,50,10,1
469,3,3,4,3,0,"9,4375",1
470,4,3,2,3,50,"8,875",1
471,2,3,3,3,0,"8,3125",1
472,3,3,4,1,30,10,1
473,3,1,4,3,30,"8,875",1
475,4,2,2,3,30,10,1
476,4,1,4,5,30,10,1
477,4,2,4,4,0,10,1
478,3,3,5,3,50,"8,875",1
479,4,1,4,4,0,"9,4375",1
480,3,3,4,3,0,10,1
481,3,1,4,4,0,"8,3125",1
482,3,1,4,4,0,"8,875",1
484,3,1,4,4,50,"8,875",1
485,3,1,4,5,30,"6,0625",0
486,2,1,4,3,0,"7,75",0
488,3,3,6,5,30,10,1
489,3,2,4,3,50,10,1
492,4,1,4,5,0,10,1
495,2,1,4,5,30,"4,375",0
497,4,3,7,3,30,10,1
498,3,1,4,5,0,"8,875",1
499,3,1,6,5,0,"8,3125",1
500,4,3,5,2,0,10,1
502,4,1,5,5,0,"4,9375",0
503,3,1,3,2,50,"8,875",1
505,2,1,6,4,30,"9,4375",1
507,4,3,4,5,0,10,1
509,4,1,4,4,0,10,1
510,3,2,6,3,0,10,1
511,3,1,4,5,0,"8,3125",1
512,3,1,4,4,0,"7,75",0
514,4,3,2,3,30,"9,4375",1
515,2,1,4,3,30,"6,625",0
516,3,3,4,3,0,"7,75",0
518,3,1,5,4,0,"7,1875",0
519,4,1,2,5,0,10,1
520,4,1,4,4,0,"8,875",1
521,3,1,4,4,0,"8,3125",1
522,3,3,3,4,0,10,1
523,3,1,4,3,0,10,1
524,3,1,6,3,50,10,1
525,4,3,2,5,0,10,1
526,3,1,6,5,30,10,1
527,3,1,4,4,0,"7,1875",0
529,1,1,4,4,0,"8,3125",1
530,4,1,4,3,30,10,1
531,4,2,4,5,30,"8,3125",1
532,3,1,3,4,0,"8,875",1
534,3,3,4,3,30,"7,75",0
535,2,2,6,3,30,"7,75",0
536,3,3,4,4,0,"5,5",0
537,3,1,7,5,0,"7,1875",0
543,4,2,4,5,0,"8,3125",1
546,3,3,6,2,0,"7,1875",0
549,3,2,5,3,30,"8,3125",1
551,3,3,3,3,30,"6,625",0
552,4,2,4,3,0,10,1
553,2,1,3,3,30,"8,875",1
554,4,3,4,3,30,10,1
555,3,2,2,1,50,"8,3125",1
556,3,2,4,5,0,10,1
557,3,2,4,5,30,"8,3125",1
558,3,3,4,3,0,"8,3125",1
559,3,1,4,5,0,"6,625",0
560,4,1,4,2,0,10,1
562,3,3,6,5,0,10,1
563,4,3,2,3,0,10,1
564,4,1,6,3,0,"8,875",1
565,3,1,5,1,50,"7,75",0
566,4,3,6,3,0,"8,3125",1
568,1,3,5,5,0,10,1
569,3,1,4,3,0,"8,3125",1
570,3,1,7,4,0,"9,4375",1
571,4,1,3,3,30,"8,875",1
572,3,1,3,3,0,"6,625",0
573,3,3,3,4,70,"6,625",0
574,4,1,3,3,30,"7,1875",0
575,3,1,3,5,50,"8,3125",1
576,4,3,3,1,0,"7,1875",0
577,4,3,3,4,30,"7,75",0
578,3,2,3,5,30,"7,75",0
579,3,3,3,3,50,"7,75",0
581,4,3,3,1,0,"5,5",0
582,4,3,3,2,0,"9,4375",1
583,1,3,3,3,30,"6,625",0
584,4,3,3,4,0,"9,4375",1
585,3,2,3,4,0,"8,875",1
586,3,1,3,3,0,"9,4375",1
587,3,3,3,5,0,"8,3125",1
588,3,1,5,3,50,"8,875",1
589,3,2,2,4,30,"8,3125",1
590,1,2,3,4,0,"7,1875",0
591,4,3,3,2,0,"8,875",1
592,3,3,3,4,0,"6,625",0
593,1,1,3,4,0,"7,75",0
595,3,1,3,4,30,"8,3125",1
597,2,1,3,3,50,"8,3125",1
598,3,3,3,3,30,"7,1875",0
599,3,2,3,5,50,"7,75",0
600,3,3,3,3,0,"7,75",0
601,1,1,3,1,30,"7,75",0
602,3,3,3,3,0,"7,75",0
603,1,3,3,4,30,"3,25",0
604,1,2,3,4,30,"3,25",0
605,3,1,3,5,30,10,1
607,3,3,3,2,50,"7,1875",0
609,4,2,3,1,30,"9,4375",1
610,3,1,3,4,0,"9,4375",1
611,4,3,2,4,0,10,1
612,4,1,4,4,0,"9,4375",1
613,2,3,4,3,0,"7,75",0
615,4,1,5,3,0,10,1
616,3,3,2,3,0,"9,4375",1
619,3,1,6,4,30,"8,875",1
620,4,3,6,3,0,10,1
621,3,1,2,3,0,"8,3125",1
623,2,3,2,3,0,"6,625",0
624,4,3,4,3,0,"7,75",0
625,3,3,2,5,0,"8,875",1
627,4,1,4,5,0,"8,3125",1
628,3,1,3,3,0,"7,75",0
629,2,1,6,4,0,"8,3125",1
630,4,3,2,3,0,"8,3125",1
631,3,1,5,4,0,"6,625",0
634,4,1,4,4,0,10,1
635,3,1,4,4,0,10,1
636,4,3,4,3,0,10,1
639,1,1,6,2,0,10,1
640,3,1,4,3,30,"7,1875",0
641,3,1,4,4,0,"8,875",1
642,3,2,6,4,0,"9,4375",1
643,4,2,4,4,30,"7,75",0
644,4,1,6,3,30,10,1
646,1,1,4,3,30,"6,625",0
647,2,3,4,3,0,"7,1875",0
648,3,3,2,3,0,"8,875",1
649,3,1,4,2,30,"6,0625",0
650,3,2,4,3,50,"9,4375",1
651,1,1,6,4,0,"8,3125",1
652,3,2,4,3,0,10,1
653,4,1,2,5,0,10,1
654,4,1,4,5,0,"9,4375",1
656,4,1,4,4,0,10,1
657,3,3,4,4,50,"8,875",1
658,3,2,2,3,0,"8,3125",1
659,4,1,1,4,0,10,1
661,4,1,4,3,50,10,1
663,3,1,4,4,30,"6,0625",0
664,1,3,4,1,50,"4,9375",0
665,1,3,3,1,50,"8,3125",1
666,3,1,2,4,0,"8,3125",1
667,4,1,4,1,50,"8,875",1
670,3,1,4,3,0,"6,0625",0
671,3,3,4,4,0,10,1
672,4,1,4,4,0,"7,75",0
673,3,1,4,3,0,"7,75",0
674,3,3,4,3,0,"9,4375",1
675,3,3,3,4,30,"7,1875",0
676,3,2,4,5,0,"7,1875",0
677,3,1,4,3,0,"7,75",0
678,4,3,6,3,50,10,1
679,2,2,6,2,0,"6,625",0
680,3,3,4,3,0,"7,75",0
681,2,1,1,2,0,10,1
682,4,1,5,5,0,10,1
683,3,1,4,1,0,"7,1875",0
684,4,3,4,5,0,10,1
685,2,3,3,3,0,10,1
686,4,1,4,3,0,"8,875",1
687,2,1,6,5,50,"9,4375",1
688,3,2,4,4,30,"9,4375",1
689,4,1,6,1,0,"9,4375",1
690,1,1,4,4,0,"3,25",0
692,1,3,4,4,30,"3,25",0
693,2,3,6,4,30,"9,4375",1
694,3,1,4,5,50,"8,3125",1
695,3,3,3,2,0,"7,1875",0
696,4,1,4,3,0,10,1
697,4,1,5,3,30,"7,75",0
698,3,3,4,4,0,"8,3125",1
699,3,3,4,4,0,"9,4375",1
700,3,3,4,3,0,"7,75",0
701,1,3,4,1,30,"6,625",0
703,2,1,4,4,0,"5,5",0
704,3,1,6,2,0,"3,25",0
705,1,1,6,4,30,"4,375",0
706,4,3,6,3,0,"9,4375",1
707,3,2,4,3,30,"6,0625",0
708,4,1,5,4,30,"8,875",1
709,4,1,3,1,50,"6,0625",0
710,1,3,4,2,30,"7,75",0
711,1,2,6,3,50,"8,3125",1
712,3,1,6,2,0,"7,1875",0
714,4,2,4,4,30,"7,75",0
715,3,2,4,4,0,"7,1875",0
716,1,2,6,3,30,"6,0625",0
717,3,2,5,4,0,"9,4375",1
718,3,3,3,3,50,"5,5",0
719,3,1,6,3,30,"8,3125",1
720,3,1,6,3,50,"8,875",1
721,4,1,6,5,30,10,1
722,3,1,6,4,30,10,1
723,4,1,6,4,0,10,1
724,4,1,2,4,0,"2,6875",0
725,4,2,4,2,0,"8,3125",1
726,4,1,3,5,0,"8,875",1
727,3,1,6,3,0,"8,3125",1
728,3,1,4,3,0,"7,75",0
729,3,1,4,3,30,"6,0625",0
731,3,3,4,4,0,10,1
733,3,3,4,3,0,10,1
734,3,1,4,4,0,"8,875",1
735,3,1,4,3,0,"8,875",1
736,4,1,3,3,0,10,1
737,4,3,6,4,0,10,1
738,3,1,4,5,0,"8,875",1
739,4,2,5,2,0,"8,3125",1
740,3,3,6,3,0,10,1
741,4,1,5,4,0,10,1
743,3,3,6,5,0,10,1
744,2,3,3,3,0,"7,75",0
745,4,3,4,3,0,10,1
746,4,1,3,5,0,10,1
747,4,2,4,5,0,10,1
748,3,3,4,3,0,10,1
749,4,3,6,3,0,10,1
751,4,1,6,5,30,10,1
752,3,2,4,4,0,"8,875",1
753,3,1,4,5,0,"6,625",0
754,3,1,5,3,0,"7,75",0
756,4,1,4,5,0,10,1
757,4,3,4,4,30,"7,75",0
758,3,1,4,2,0,"5,5",0
760,3,1,4,3,0,"8,3125",1
761,4,1,4,4,0,"8,3125",1
762,1,1,6,1,30,"6,625",0
763,2,1,6,3,0,"9,4375",1
764,4,3,5,5,0,"7,75",0
765,4,3,4,5,50,"6,625",0
766,4,3,4,4,0,"8,875",1
767,4,1,4,5,0,"9,4375",1
768,1,1,6,3,30,"6,0625",0
769,1,2,4,1,0,"6,0625",0
770,3,1,6,4,0,"6,625",0
771,3,1,4,3,0,"7,75",0
772,3,3,4,3,30,"8,3125",1
773,3,2,4,3,0,"7,1875",0
775,2,1,6,3,0,"7,75",0
776,4,1,6,1,0,"7,75",0
777,3,1,4,5,0,"8,3125",1
778,4,1,4,3,0,"7,1875",0
779,1,1,4,3,0,"9,4375",1
780,2,3,5,4,30,"8,3125",1
781,3,1,4,3,0,"8,3125",1
782,3,1,3,4,0,"7,75",0
783,4,3,4,4,30,10,1
784,4,1,4,4,0,"8,875",1
785,1,3,6,3,30,"8,3125",1
786,4,3,6,3,0,"9,4375",1
787,4,1,4,3,30,"8,3125",1
788,4,1,6,5,0,"7,75",0
789,1,1,5,5,0,10,1
790,4,1,4,4,30,10,1
791,1,1,4,5,0,"9,4375",1
794,3,3,3,5,0,10,1
795,1,1,3,5,50,"6,0625",0
796,4,3,4,3,0,10,1
797,4,1,4,4,0,"9,4375",1
798,2,1,6,4,30,"8,875",1
799,3,3,4,2,30,"7,75",0
801,3,1,3,3,0,"5,5",0
802,3,2,2,2,30,"8,3125",1
803,4,1,2,5,0,"8,3125",1
804,3,3,3,2,0,"8,3125",1
805,3,3,5,3,30,"8,875",1
806,3,3,2,2,0,"7,75",0
807,3,3,6,5,0,"8,875",1
808,4,1,2,3,0,10,1
810,3,3,2,3,0,"8,3125",1
811,2,2,2,3,30,"7,1875",0
813,4,1,3,5,30,"9,4375",1
814,4,3,3,3,50,"8,875",1
815,4,3,6,3,0,10,1
816,3,2,4,4,0,"8,875",1
817,4,3,4,2,30,"8,875",1
818,3,1,3,4,50,"8,3125",1
819,4,3,6,5,0,10,1
820,4,1,4,3,0,"8,875",1
821,1,1,2,3,30,"5,5",0
822,1,2,2,1,50,"5,5",0
823,1,3,2,2,30,"7,75",0
824,3,2,2,1,30,10,1
825,3,3,6,4,0,10,1
826,3,3,5,4,0,"8,875",1
827,4,1,4,3,0,"7,1875",0
829,4,3,4,4,50,"7,1875",0
830,4,2,4,3,30,"9,4375",1
831,1,1,4,3,0,"7,1875",0
832,4,1,4,4,0,"7,1875",0
834,3,3,4,4,0,"8,3125",1
835,3,1,4,3,0,"9,4375",1
836,3,1,7,4,0,"2,125",0
837,3,1,6,5,0,"8,3125",1
838,4,1,4,4,0,"9,4375",1
839,3,2,4,3,30,"7,75",0
840,3,1,4,4,30,"8,875",1
841,4,3,4,3,0,"8,875",1
845,2,1,1,3,0,"5,5",0
846,3,3,4,4,0,10,1
847,3,1,5,2,0,"8,875",1
848,3,1,4,3,30,"5,5",0
849,3,2,6,4,0,"7,75",0
851,4,3,6,3,30,"7,75",0
853,3,3,4,4,0,"8,3125",1
854,1,1,6,3,30,"4,375",0
855,4,3,6,3,30,10,1
856,4,2,6,3,0,"9,4375",1
857,4,3,4,5,0,"7,75",0
858,3,1,6,1,50,"3,8125",0
860,4,2,6,4,30,10,1
864,4,3,4,3,0,"9,4375",1
866,3,2,4,4,30,"8,875",1
867,3,3,4,3,0,"8,3125",1
869,1,2,6,3,0,10,1
870,4,3,4,5,0,"9,4375",1
871,3,2,4,4,30,"8,875",1
872,2,3,4,3,30,10,1
873,4,1,4,4,0,10,1
874,3,1,4,5,0,"8,875",1
875,3,3,6,4,0,"8,3125",1
876,3,1,4,3,0,"6,625",0
877,3,1,4,3,0,"7,1875",0
880,3,1,4,1,30,"8,875",1
881,4,1,4,4,0,"8,875",1
882,3,1,4,4,0,"7,75",0
883,3,1,3,5,0,"6,0625",0
884,3,1,6,3,0,"6,0625",0
885,3,1,4,4,30,"6,625",0
886,3,3,3,2,70,10,1
887,4,3,4,3,0,10,1
888,4,1,4,4,0,10,1
889,3,1,4,3,0,"7,75",0
891,4,1,4,4,0,10,1
892,4,3,4,3,30,"8,875",1
893,4,1,4,4,0,"7,1875",0
894,3,1,4,3,0,"7,1875",0
895,3,3,3,4,0,10,1
896,3,1,4,5,50,"8,875",1
897,3,3,4,5,0,"7,1875",0
898,2,3,6,5,50,"9,4375",1
899,3,3,7,4,0,"7,75",0
901,3,1,3,5,0,10,1
902,4,3,4,3,30,"6,0625",0
903,3,1,4,4,0,10,1
904,3,1,4,3,30,"7,75",0
905,4,1,4,5,0,10,1
906,3,1,4,4,0,"7,75",0
907,3,1,4,4,0,"8,875",1
908,1,1,4,3,30,10,1
909,3,1,4,3,30,"7,1875",0
910,4,3,4,1,0,"7,1875",0
911,3,1,4,4,0,"7,75",0
912,3,1,4,4,0,10,1
913,4,1,5,4,30,10,1
914,3,3,4,3,0,10,1
915,1,1,4,2,50,"7,75",0
917,3,3,4,3,0,"8,875",1
919,3,1,4,4,0,"7,75",0
920,3,3,4,3,0,"9,4375",1
921,4,1,4,3,0,"9,4375",1
922,4,1,4,3,0,10,1
923,3,1,4,3,0,"7,75",0
924,1,2,4,3,50,"5,5",0
925,3,3,4,3,0,"9,4375",1
926,3,1,6,3,0,"7,75",0
927,3,3,4,4,0,10,1
928,3,2,4,3,0,10,1
929,4,3,4,3,30,"8,875",1
930,2,1,5,5,30,"8,3125",1
931,3,2,4,4,0,"7,75",0
932,3,3,4,3,50,"9,4375",1
933,2,2,4,3,30,"5,5",0
934,4,3,4,3,0,"7,75",0
935,2,2,4,4,30,"8,875",1
937,2,1,4,5,0,"9,4375",1
938,4,1,6,2,0,"9,4375",1
939,2,3,6,5,0,10,1
940,4,2,6,5,30,"7,75",0
941,4,2,3,2,30,"5,5",0
942,3,1,3,4,0,"6,0625",0
943,3,1,3,3,0,"9,4375",1
944,3,3,3,3,0,"7,1875",0
945,3,1,3,2,30,"6,0625",0
946,1,1,3,3,30,"7,1875",0
947,3,1,3,4,0,"7,75",0
948,1,3,3,3,0,"7,75",0
949,3,1,3,4,0,"7,75",0
950,3,1,3,3,0,"8,875",1
951,3,3,3,3,30,"6,625",0
952,3,1,3,3,50,"8,3125",1
953,3,2,3,3,30,"5,5",0
954,2,3,3,2,0,"4,9375",0
956,4,3,3,2,0,"4,375",0
959,3,1,3,4,30,"5,5",0
960,3,1,3,5,0,"8,3125",1
962,1,2,3,3,30,"6,625",0
963,3,1,3,5,50,"7,1875",0
965,1,2,3,4,30,"6,625",0
966,3,1,3,2,30,"7,1875",0
969,1,3,3,2,30,"7,75",0
970,3,3,3,5,30,"6,0625",0
976,3,1,3,5,50,"8,3125",1
977,4,1,3,4,0,"7,75",0
978,3,3,3,3,0,"8,3125",1
979,3,3,3,4,0,"8,875",1
980,4,1,3,5,0,"8,875",1
981,3,3,3,3,0,"7,1875",0
982,3,3,3,3,30,"7,75",0
983,3,1,4,3,0,"8,3125",1
984,3,1,3,3,0,"8,3125",1
985,3,2,3,3,0,"8,3125",1
986,2,2,3,4,30,"8,3125",1
987,3,1,3,3,30,"6,0625",0
988,3,1,3,3,0,"7,75",0
989,2,1,3,5,0,"6,625",0
990,3,1,3,4,0,"9,4375",1
991,3,2,3,1,30,"8,875",1
992,1,1,3,3,70,"7,1875",0
993,4,1,3,3,0,"7,1875",0
995,3,2,3,4,30,"6,625",0
996,1,3,4,1,30,"8,875",1
997,1,1,3,3,30,"6,625",0
998,3,1,3,3,0,"7,1875",0
999,4,1,3,3,0,"7,1875",0
1000,3,1,3,3,0,"7,1875",0